file,species
22e79540f.png,Cleavers
85431c075.png,Loose Silky-bent
93079d970.png,Sugar beet
f8318faf1.png,Common Chickweed
80e299ae9.png,Scentless Mayweed
42e7ed442.png,Small-flowered Cranesbill
fea355851.png,Loose Silky-bent
39858776a.png,Cleavers
0c27cf05f.png,Fat Hen
4f44ca525.png,Common Chickweed
754b1adf8.png,Small-flowered Cranesbill
a3b375b34.png,Loose Silky-bent
3d67c434b.png,Fat Hen
01291174f.png,Fat Hen
5bc6595f6.png,Small-flowered Cranesbill
1541bdb2e.png,Small-flowered Cranesbill
60fea2ef6.png,Loose Silky-bent
da231c97f.png,Common Chickweed
a1da8be3c.png,Shepherds Purse
a74bf916d.png,Small-flowered Cranesbill
dabe3e5be.png,Small-flowered Cranesbill
8455169fe.png,Black-grass
55fed435f.png,Charlock
675ec1b0b.png,Scentless Mayweed
df7cb5f87.png,Black-grass
b03397525.png,Loose Silky-bent
116b136de.png,Scentless Mayweed
dabea05f4.png,Loose Silky-bent
122913909.png,Maize
c85ef220d.png,Small-flowered Cranesbill
9b4800b42.png,Scentless Mayweed
4c5ab9b68.png,Cleavers
cf3a8b2fd.png,Loose Silky-bent
bb1d1bfd3.png,Scentless Mayweed
205df1df3.png,Scentless Mayweed
4287d810c.png,Common Chickweed
3da774107.png,Fat Hen
958bb9e96.png,Cleavers
6d6eb3830.png,Charlock
4b032563b.png,Common Chickweed
cd6adba97.png,Small-flowered Cranesbill
c5078bac5.png,Black-grass
e7077322d.png,Scentless Mayweed
97b2f0a10.png,Small-flowered Cranesbill
4e1190d78.png,Loose Silky-bent
0fb233ad6.png,Small-flowered Cranesbill
1758a1baf.png,Common Chickweed
223e4af09.png,Cleavers
966ae5ad9.png,Fat Hen
19618ad6a.png,Sugar beet
32a8c8a1d.png,Loose Silky-bent
5af1d74ee.png,Sugar beet
05341a8a6.png,Small-flowered Cranesbill
cadab6616.png,Shepherds Purse
664194d19.png,Small-flowered Cranesbill
dcd7ff249.png,Small-flowered Cranesbill
13b9fa92d.png,Loose Silky-bent
48231e475.png,Fat Hen
d488a4fe1.png,Common wheat
61b044411.png,Maize
780bd2a2c.png,Sugar beet
b47691c08.png,Scentless Mayweed
c4ed8ed38.png,Charlock
851c90831.png,Black-grass
ac3193f78.png,Common Chickweed
8a8d6c712.png,Cleavers
1fefb54b7.png,Fat Hen
c88ebfb47.png,Small-flowered Cranesbill
8874bba69.png,Sugar beet
1be0713da.png,Cleavers
f9f35cbd4.png,Common Chickweed
07e62f903.png,Small-flowered Cranesbill
9fab816f2.png,Cleavers
87f627bf9.png,Small-flowered Cranesbill
17d5e5ac4.png,Loose Silky-bent
a2d25b4f3.png,Small-flowered Cranesbill
cf46d09c5.png,Common Chickweed
dfb1d9012.png,Fat Hen
756dd5070.png,Scentless Mayweed
2a5064f19.png,Common wheat
1dc7c45df.png,Loose Silky-bent
b98327bf4.png,Scentless Mayweed
7615e52d3.png,Cleavers
7f31c7f42.png,Loose Silky-bent
39d569be4.png,Loose Silky-bent
7691014a1.png,Small-flowered Cranesbill
a35fd6fbb.png,Common Chickweed
c35efa095.png,Scentless Mayweed
444473900.png,Fat Hen
599691cd9.png,Small-flowered Cranesbill
56a01b835.png,Cleavers
a5db42f7d.png,Common Chickweed
3827436f3.png,Common Chickweed
3eda9cbb6.png,Shepherds Purse
8bc0261c9.png,Loose Silky-bent
17529c555.png,Scentless Mayweed
2d5058a59.png,Common Chickweed
f1f7c833f.png,Shepherds Purse
808cf55c6.png,Scentless Mayweed
aa7d098d1.png,Small-flowered Cranesbill
cae684f8f.png,Charlock
3d38a87bc.png,Fat Hen
ae90f2827.png,Common Chickweed
96ecad7a1.png,Scentless Mayweed
bfab3e3d0.png,Fat Hen
bf3924a57.png,Common Chickweed
7fdb7202d.png,Scentless Mayweed
d5f7dd60a.png,Loose Silky-bent
a85fc8c9a.png,Small-flowered Cranesbill
ba3ce6b3e.png,Small-flowered Cranesbill
a74d475c2.png,Small-flowered Cranesbill
fd925f542.png,Common Chickweed
0021e90e4.png,Small-flowered Cranesbill
550a8b7e6.png,Small-flowered Cranesbill
da5255450.png,Common Chickweed
3f826b318.png,Common Chickweed
e3f50adfc.png,Cleavers
c5e419015.png,Scentless Mayweed
0c51bf229.png,Small-flowered Cranesbill
75cb95e91.png,Charlock
4bcdaa5e2.png,Fat Hen
b7192c70f.png,Common wheat
b145ba9d4.png,Sugar beet
a8da9c08d.png,Scentless Mayweed
b0acaff4a.png,Common wheat
948cdb277.png,Cleavers
e471f1d3a.png,Charlock
f4caf74f9.png,Charlock
97844bfd5.png,Shepherds Purse
17a78fb44.png,Common wheat
78b1bf91a.png,Sugar beet
24dbc3b21.png,Fat Hen
953496deb.png,Fat Hen
7e9cf1c46.png,Common Chickweed
fe29629fb.png,Sugar beet
8c98a6e9b.png,Black-grass
fbf88b6be.png,Charlock
12625488b.png,Fat Hen
1f3f44563.png,Maize
837ac0270.png,Sugar beet
b29339405.png,Loose Silky-bent
98da6ef4e.png,Scentless Mayweed
16357b436.png,Loose Silky-bent
b828443ff.png,Charlock
39b740f7e.png,Black-grass
7cabd68cc.png,Loose Silky-bent
338c7e907.png,Scentless Mayweed
d41d87796.png,Scentless Mayweed
8a30b2de3.png,Fat Hen
589e643b8.png,Small-flowered Cranesbill
f23faf9c1.png,Loose Silky-bent
0e8492cb1.png,Cleavers
c10ccbd82.png,Scentless Mayweed
4bbf1f6ea.png,Scentless Mayweed
bb1c84bbc.png,Loose Silky-bent
41e07778c.png,Cleavers
c74c5b7fc.png,Shepherds Purse
5eb9c26a6.png,Small-flowered Cranesbill
506347cfe.png,Charlock
5bd71f445.png,Common Chickweed
6c874918c.png,Loose Silky-bent
b6f3d8b5d.png,Scentless Mayweed
71e73a8a0.png,Sugar beet
df521c0c0.png,Loose Silky-bent
809eb0b82.png,Charlock
dd5ec63d9.png,Fat Hen
8a32d0bfa.png,Loose Silky-bent
bf66b9cd2.png,Small-flowered Cranesbill
eef131644.png,Black-grass
4e9d3765f.png,Fat Hen
88d8a4508.png,Fat Hen
3efa1f66c.png,Loose Silky-bent
a93f940d6.png,Scentless Mayweed
3d65168c2.png,Common Chickweed
f593c9cf0.png,Sugar beet
1459e96a0.png,Common wheat
33317fc2a.png,Fat Hen
b7ad92859.png,Shepherds Purse
50de8a115.png,Small-flowered Cranesbill
0751c0bbc.png,Sugar beet
1926e82fd.png,Loose Silky-bent
19b51843a.png,Small-flowered Cranesbill
856f2910a.png,Small-flowered Cranesbill
187668bde.png,Small-flowered Cranesbill
9516e56c4.png,Black-grass
23bc8ec4f.png,Common Chickweed
258b1183c.png,Cleavers
79d93bc96.png,Black-grass
35a90f8d0.png,Sugar beet
8d6acbe9b.png,Common Chickweed
59f62ad1d.png,Black-grass
a2b703e21.png,Common Chickweed
55251925f.png,Small-flowered Cranesbill
e14afa235.png,Common wheat
ac75d3326.png,Black-grass
74fd477eb.png,Common Chickweed
6a47821f9.png,Loose Silky-bent
7d3045fc3.png,Sugar beet
b31292706.png,Common Chickweed
71f5323c5.png,Loose Silky-bent
00c47e980.png,Sugar beet
55a852f40.png,Common Chickweed
8e6ec1ca6.png,Loose Silky-bent
0885e7690.png,Shepherds Purse
03ef36742.png,Fat Hen
9d3cb4745.png,Common wheat
e5368474f.png,Small-flowered Cranesbill
20f983a71.png,Fat Hen
9c32a797e.png,Common wheat
20ea96bcc.png,Black-grass
1b6a6494d.png,Fat Hen
490c4f9c8.png,Fat Hen
5779fe8b4.png,Fat Hen
ef65533d5.png,Loose Silky-bent
02cfeb38d.png,Loose Silky-bent
974959ec1.png,Fat Hen
3fbf1a417.png,Cleavers
ef3e232ad.png,Common Chickweed
f25996db8.png,Maize
e52493d0b.png,Common wheat
dc55449b2.png,Sugar beet
0d31e6602.png,Sugar beet
9326bda1b.png,Common Chickweed
86f08e6d1.png,Fat Hen
e15fce4f2.png,Loose Silky-bent
e4d5ec761.png,Loose Silky-bent
c0d9e170b.png,Small-flowered Cranesbill
770a265f5.png,Small-flowered Cranesbill
29bab7cad.png,Common Chickweed
647689543.png,Loose Silky-bent
fea3da57c.png,Sugar beet
cbe761896.png,Charlock
a006a475c.png,Small-flowered Cranesbill
0f6cbe5e8.png,Small-flowered Cranesbill
cfb18d262.png,Fat Hen
1d0cbd819.png,Fat Hen
8311740de.png,Fat Hen
a800caead.png,Sugar beet
beebe5f4e.png,Scentless Mayweed
8ca6140ca.png,Loose Silky-bent
e19ad6ac9.png,Small-flowered Cranesbill
534e74d83.png,Scentless Mayweed
4b155fb07.png,Scentless Mayweed
2693e5c65.png,Maize
a7bd7cadb.png,Fat Hen
54c8bb900.png,Charlock
866be78b0.png,Shepherds Purse
1c680883c.png,Common wheat
e6f1211a2.png,Fat Hen
1623fb9e1.png,Fat Hen
711b46fba.png,Shepherds Purse
721b2c47a.png,Fat Hen
fd253a74e.png,Cleavers
ff65bc002.png,Charlock
6908fb540.png,Sugar beet
0a64e3e6c.png,Loose Silky-bent
f4021df6c.png,Fat Hen
33748968f.png,Charlock
6edb96d45.png,Charlock
558aa7deb.png,Loose Silky-bent
fea1d13d6.png,Shepherds Purse
e73e308be.png,Fat Hen
66ab0e8d0.png,Charlock
5b3000b9a.png,Maize
085974290.png,Scentless Mayweed
5ca0205f9.png,Charlock
53e6e9000.png,Common wheat
6982a9d30.png,Small-flowered Cranesbill
686dc7ec8.png,Loose Silky-bent
c069fc3fa.png,Fat Hen
24d78df74.png,Common Chickweed
063363305.png,Shepherds Purse
b4f7c9214.png,Black-grass
6b721f68e.png,Loose Silky-bent
73260a4ee.png,Fat Hen
780defa2e.png,Small-flowered Cranesbill
dc4cd56a3.png,Loose Silky-bent
892e9d6c6.png,Scentless Mayweed
1d56351b2.png,Common Chickweed
1694a70e4.png,Shepherds Purse
22fbf13d6.png,Loose Silky-bent
9c777333d.png,Small-flowered Cranesbill
a1e0a6c02.png,Cleavers
d3331e071.png,Fat Hen
3bbef3ecb.png,Shepherds Purse
8301b0547.png,Charlock
f9ea23fb5.png,Fat Hen
0c4199daa.png,Loose Silky-bent
f445fe6fb.png,Sugar beet
6db684fff.png,Scentless Mayweed
e80a259c5.png,Small-flowered Cranesbill
e721c6ac8.png,Black-grass
026716f9b.png,Loose Silky-bent
060f1dc84.png,Cleavers
19fdf19fb.png,Common wheat
b30ab4659.png,Cleavers
e88bf0db9.png,Small-flowered Cranesbill
6be169e41.png,Small-flowered Cranesbill
248436078.png,Cleavers
a38b8a581.png,Scentless Mayweed
aecfaed64.png,Small-flowered Cranesbill
e921021a8.png,Fat Hen
b026bf8ca.png,Scentless Mayweed
9643fc5f4.png,Charlock
24a058589.png,Charlock
3edf5e9ef.png,Fat Hen
c832e4302.png,Fat Hen
6df8e31ea.png,Charlock
55920f07f.png,Small-flowered Cranesbill
f66ae4070.png,Small-flowered Cranesbill
2406d6c99.png,Shepherds Purse
52a87abe5.png,Fat Hen
0d117d910.png,Shepherds Purse
eaf0815e2.png,Small-flowered Cranesbill
969a851be.png,Scentless Mayweed
52dc7a4d6.png,Small-flowered Cranesbill
87608f7aa.png,Small-flowered Cranesbill
043449b0b.png,Sugar beet
b215531dd.png,Cleavers
270b939cf.png,Common Chickweed
590f5aea6.png,Cleavers
f4e7733d4.png,Small-flowered Cranesbill
fc6f686fb.png,Sugar beet
36ed4f215.png,Common Chickweed
1821eb11a.png,Scentless Mayweed
800a8c17e.png,Fat Hen
bebcaab66.png,Sugar beet
be341dbdc.png,Loose Silky-bent
406ecb5c5.png,Charlock
0ee4ad224.png,Small-flowered Cranesbill
523e5505c.png,Sugar beet
486e59179.png,Common Chickweed
c0bc3997b.png,Fat Hen
6bce55e05.png,Charlock
1d321253f.png,Fat Hen
539961189.png,Common Chickweed
df11d56a7.png,Sugar beet
2e86f1085.png,Fat Hen
752101fdf.png,Scentless Mayweed
35ebe165c.png,Loose Silky-bent
47b7d8e17.png,Small-flowered Cranesbill
d0cdc768f.png,Common wheat
8585f9718.png,Black-grass
2126dc71b.png,Sugar beet
93d76fd5d.png,Small-flowered Cranesbill
30ad31220.png,Charlock
060450d79.png,Small-flowered Cranesbill
a060c1cf8.png,Maize
071cb3ece.png,Fat Hen
279df95f2.png,Fat Hen
d89db156f.png,Small-flowered Cranesbill
cec5bf198.png,Sugar beet
c5e88cd42.png,Small-flowered Cranesbill
ef02b4ee7.png,Sugar beet
67e185673.png,Small-flowered Cranesbill
4a337a4a9.png,Charlock
63c07d340.png,Cleavers
7c85b0265.png,Loose Silky-bent
5315c2dca.png,Loose Silky-bent
b6a3f7876.png,Black-grass
da4ed3a28.png,Charlock
38c054379.png,Scentless Mayweed
cc74feadc.png,Loose Silky-bent
4e69d100a.png,Small-flowered Cranesbill
cbba27d89.png,Small-flowered Cranesbill
785a73ab8.png,Common Chickweed
74d810f87.png,Loose Silky-bent
79fba50db.png,Common Chickweed
f0ffa00bd.png,Sugar beet
29f49cd0b.png,Sugar beet
148bbda66.png,Charlock
61dd2cdc5.png,Common wheat
abc331628.png,Common wheat
92292055d.png,Small-flowered Cranesbill
37e545a60.png,Loose Silky-bent
c63da993b.png,Sugar beet
d9c50616e.png,Fat Hen
dce2f6612.png,Common Chickweed
fda0b5c38.png,Black-grass
fb022edf9.png,Fat Hen
ffc6f8527.png,Black-grass
cfd8165e9.png,Charlock
0ebf8f2f4.png,Shepherds Purse
20e562fd5.png,Sugar beet
aad8375e0.png,Charlock
ef7a5651d.png,Scentless Mayweed
a0b393945.png,Sugar beet
82b5f4d33.png,Shepherds Purse
6680836dd.png,Sugar beet
98d819587.png,Maize
9b9911f20.png,Sugar beet
98062cd87.png,Shepherds Purse
cc3d2a59a.png,Sugar beet
74068643d.png,Loose Silky-bent
456d507c0.png,Cleavers
2b55a2da2.png,Charlock
a19c3faca.png,Shepherds Purse
44e8b8833.png,Small-flowered Cranesbill
fdea6b119.png,Black-grass
406162ef9.png,Charlock
0911d3dee.png,Common Chickweed
b944a49ca.png,Loose Silky-bent
46c14fde2.png,Black-grass
b39c71707.png,Small-flowered Cranesbill
0ae6668fa.png,Loose Silky-bent
e5297b675.png,Loose Silky-bent
e5e3dccff.png,Common wheat
3281183f9.png,Scentless Mayweed
aaf4da98f.png,Black-grass
0c45ace27.png,Loose Silky-bent
4ac29bbf0.png,Common Chickweed
d0152bd7c.png,Fat Hen
4f83143e1.png,Shepherds Purse
855955aaf.png,Small-flowered Cranesbill
6da892be6.png,Small-flowered Cranesbill
79dafec17.png,Loose Silky-bent
9aa5587fe.png,Loose Silky-bent
b3e08b037.png,Charlock
5ee9d0a5b.png,Common Chickweed
c8f50f0c3.png,Common wheat
d563be369.png,Fat Hen
3b73c3b61.png,Scentless Mayweed
3ebbe9ca4.png,Charlock
4049a6ea6.png,Loose Silky-bent
acdb75e00.png,Loose Silky-bent
59b2c6f2b.png,Loose Silky-bent
824f5d4e5.png,Sugar beet
9df3275da.png,Small-flowered Cranesbill
0c5f6c493.png,Loose Silky-bent
2ea664465.png,Sugar beet
ef9676433.png,Charlock
003d61042.png,Fat Hen
bdde957ec.png,Scentless Mayweed
fba8fc78a.png,Loose Silky-bent
a254d71f6.png,Black-grass
618de3d7a.png,Charlock
a8388a37f.png,Black-grass
f33e9d918.png,Sugar beet
5a38ac566.png,Black-grass
410e6f702.png,Common Chickweed
b341d0aab.png,Common Chickweed
5817b766d.png,Scentless Mayweed
8d6991365.png,Fat Hen
f48916a8c.png,Small-flowered Cranesbill
88ac6df54.png,Sugar beet
8cfd98117.png,Loose Silky-bent
e5881dd33.png,Fat Hen
099b961ec.png,Common Chickweed
2d9c798f9.png,Small-flowered Cranesbill
25cf6eb73.png,Small-flowered Cranesbill
5bdcfa329.png,Loose Silky-bent
5a6bf96f6.png,Common Chickweed
3185294c8.png,Sugar beet
32c86784b.png,Common Chickweed
33448fe39.png,Loose Silky-bent
65e97117e.png,Loose Silky-bent
cb496f36e.png,Loose Silky-bent
0437393b1.png,Fat Hen
00d090cde.png,Loose Silky-bent
11d3f68ff.png,Loose Silky-bent
241e6935a.png,Sugar beet
976e4e079.png,Small-flowered Cranesbill
b573b7a56.png,Loose Silky-bent
67ce3eaa6.png,Small-flowered Cranesbill
23e480e64.png,Small-flowered Cranesbill
3a909ead8.png,Small-flowered Cranesbill
d6d80a321.png,Loose Silky-bent
fadc6adbc.png,Charlock
b2706e2b3.png,Common wheat
31fcdc161.png,Common Chickweed
d01873fdd.png,Black-grass
ace8761dd.png,Sugar beet
466bb6d3b.png,Small-flowered Cranesbill
19e58cc5e.png,Small-flowered Cranesbill
8916793ce.png,Small-flowered Cranesbill
76dbd1054.png,Sugar beet
d7017f701.png,Fat Hen
bb64660b7.png,Sugar beet
37297a64c.png,Common Chickweed
1cfd91582.png,Charlock
8e2e5604e.png,Loose Silky-bent
37c3108d6.png,Common Chickweed
3fbd0fc6a.png,Small-flowered Cranesbill
bb20fce02.png,Scentless Mayweed
8c9953903.png,Fat Hen
43ede9de9.png,Charlock
3e9f41817.png,Loose Silky-bent
a890ac088.png,Charlock
4e18ab737.png,Cleavers
bea23d9f8.png,Scentless Mayweed
78750e0ff.png,Small-flowered Cranesbill
e1abb4ff9.png,Scentless Mayweed
219fd68d5.png,Scentless Mayweed
c75a82234.png,Loose Silky-bent
e82017baa.png,Loose Silky-bent
65489944f.png,Small-flowered Cranesbill
a8c8a1db0.png,Maize
0ad9e7dfb.png,Charlock
f85ed9b6d.png,Charlock
bffc08672.png,Sugar beet
e98e5d1d5.png,Scentless Mayweed
808578ed5.png,Fat Hen
a3d0031fd.png,Loose Silky-bent
c7eb96871.png,Cleavers
8e29abce1.png,Scentless Mayweed
d8f4923f8.png,Common Chickweed
99036c51d.png,Loose Silky-bent
b7a7f6390.png,Fat Hen
8a4d3a1b1.png,Loose Silky-bent
2f0004a7f.png,Loose Silky-bent
e783f5a4f.png,Sugar beet
59e1cea8d.png,Cleavers
239bdf640.png,Charlock
efe19dc32.png,Fat Hen
9c0c5b731.png,Loose Silky-bent
86c309150.png,Cleavers
2df78338c.png,Common Chickweed
728eabae1.png,Charlock
d102e1a15.png,Cleavers
d2f0f326e.png,Sugar beet
7beb2766f.png,Shepherds Purse
b9062c1c8.png,Loose Silky-bent
47f9e5d91.png,Common Chickweed
446f7da01.png,Fat Hen
54b3afd58.png,Cleavers
be2499cf4.png,Common wheat
ab0f67743.png,Black-grass
3abb502fb.png,Loose Silky-bent
c7051c902.png,Loose Silky-bent
69d1669f8.png,Small-flowered Cranesbill
20817c846.png,Scentless Mayweed
29ce426a1.png,Small-flowered Cranesbill
fe9e87b78.png,Shepherds Purse
2bd74d2da.png,Scentless Mayweed
99569b224.png,Common wheat
16467a950.png,Common Chickweed
8f523520c.png,Shepherds Purse
71b232519.png,Fat Hen
d09275360.png,Loose Silky-bent
dd9f36df7.png,Common Chickweed
90b595f12.png,Common Chickweed
f1e87cba7.png,Loose Silky-bent
afa446484.png,Small-flowered Cranesbill
d6d31dcbe.png,Scentless Mayweed
6dd095129.png,Common Chickweed
8ab8a958b.png,Cleavers
ec08a5d56.png,Common Chickweed
59358cd44.png,Small-flowered Cranesbill
8b27bfd2b.png,Loose Silky-bent
abf8b0772.png,Small-flowered Cranesbill
659412b1a.png,Loose Silky-bent
f3fcfff1b.png,Charlock
afcf6abd5.png,Small-flowered Cranesbill
4392d93cf.png,Sugar beet
c64370a72.png,Sugar beet
ab35453cb.png,Cleavers
615d2b0a9.png,Common wheat
377283a21.png,Maize
7696badea.png,Black-grass
e478c452c.png,Sugar beet
a169b71e7.png,Fat Hen
2dd5cfba9.png,Shepherds Purse
172f9b10b.png,Common Chickweed
bd789d151.png,Small-flowered Cranesbill
64fe8beb9.png,Small-flowered Cranesbill
5c3cd7ea2.png,Scentless Mayweed
f2dc546ca.png,Scentless Mayweed
60f0bc617.png,Small-flowered Cranesbill
14bb43eee.png,Common wheat
e5064f6be.png,Sugar beet
897e5a8de.png,Cleavers
a9d2eab61.png,Black-grass
a544fc46d.png,Sugar beet
c50335991.png,Fat Hen
8dbb8e1b9.png,Fat Hen
36d62bf36.png,Common wheat
3f92d8039.png,Loose Silky-bent
7b52585da.png,Fat Hen
4c7838de4.png,Common Chickweed
c6c8d4ba0.png,Black-grass
c7ae30f3a.png,Small-flowered Cranesbill
d14aa43f3.png,Common Chickweed
6b9d6f8c9.png,Sugar beet
1e095a7e1.png,Small-flowered Cranesbill
e9d48d664.png,Small-flowered Cranesbill
8cf2e3e6c.png,Loose Silky-bent
03a2ee656.png,Small-flowered Cranesbill
9cce7328c.png,Loose Silky-bent
699d3c707.png,Cleavers
b3d6fdb80.png,Small-flowered Cranesbill
ce42adffb.png,Black-grass
1191ba346.png,Sugar beet
593896f83.png,Common Chickweed
6edc76e7c.png,Fat Hen
165681fd9.png,Charlock
ce3d280eb.png,Common Chickweed
115f93ecc.png,Loose Silky-bent
ce15eee52.png,Charlock
6a41bf95b.png,Scentless Mayweed
606647f64.png,Common Chickweed
2f246d688.png,Loose Silky-bent
a0f37c726.png,Small-flowered Cranesbill
8303b27ed.png,Loose Silky-bent
41f1c3cdb.png,Loose Silky-bent
03566743d.png,Maize
24c94a6ca.png,Sugar beet
d515398fd.png,Loose Silky-bent
da713c465.png,Loose Silky-bent
8ece6efec.png,Common Chickweed
668c1007c.png,Charlock
e0ec5b6a1.png,Small-flowered Cranesbill
6049234e6.png,Common wheat
90d119d25.png,Loose Silky-bent
8b043093d.png,Small-flowered Cranesbill
8db450ce3.png,Common Chickweed
fd87b36ae.png,Fat Hen
a8b431a3e.png,Sugar beet
53ceb4657.png,Small-flowered Cranesbill
86676d627.png,Scentless Mayweed
c0461776c.png,Common Chickweed
9baf94467.png,Sugar beet
8cf909eb3.png,Fat Hen
26e7ae885.png,Fat Hen
59c6a9f95.png,Fat Hen
5ca2687a4.png,Scentless Mayweed
963544aa0.png,Loose Silky-bent
39c8fde99.png,Loose Silky-bent
9a3f20121.png,Loose Silky-bent
7f46a71db.png,Loose Silky-bent
3526b05cc.png,Scentless Mayweed
76555b064.png,Loose Silky-bent
ad12382d4.png,Loose Silky-bent
de0b79659.png,Fat Hen
3f64c2c1b.png,Common wheat
599c82eea.png,Fat Hen
721be0a4a.png,Loose Silky-bent
827279bad.png,Fat Hen
653193c1a.png,Common wheat
48ef6a2ff.png,Common wheat
26852751a.png,Charlock
c60e91e07.png,Loose Silky-bent
1bf9b94a6.png,Scentless Mayweed
604dd663f.png,Shepherds Purse
a4b61a4ea.png,Fat Hen
288564c76.png,Sugar beet
36839d5e9.png,Sugar beet
71334c634.png,Small-flowered Cranesbill
d09d24c58.png,Loose Silky-bent
c06e7c748.png,Scentless Mayweed
65e262a6d.png,Charlock
2d992d1fb.png,Loose Silky-bent
8e4eaeec0.png,Common Chickweed
7f9e9565d.png,Scentless Mayweed
d6c8c3c48.png,Loose Silky-bent
a2c89c367.png,Charlock
fda39e16f.png,Common Chickweed
ede6b84b4.png,Cleavers
d17f48d3b.png,Scentless Mayweed
cb76a7766.png,Fat Hen
126a71ce0.png,Charlock
35cf9fa01.png,Shepherds Purse
91e469b4a.png,Scentless Mayweed
7d22abf91.png,Sugar beet
2ff5cb348.png,Fat Hen
5dcad9a53.png,Shepherds Purse
cf90fc52d.png,Scentless Mayweed
3eebd36c6.png,Charlock
b1cd2a91e.png,Cleavers
5f04aed97.png,Small-flowered Cranesbill
9c8b08a24.png,Loose Silky-bent
e1809cef2.png,Common Chickweed
8b9144917.png,Shepherds Purse
d2fd9df40.png,Black-grass
08d591441.png,Sugar beet
32b42c120.png,Small-flowered Cranesbill
f6d250856.png,Small-flowered Cranesbill
a935ca110.png,Fat Hen
5b63dcc21.png,Small-flowered Cranesbill
c1ecff98b.png,Loose Silky-bent
0086a6340.png,Common Chickweed
c26ccf73c.png,Common Chickweed
0caeda5df.png,Common wheat
78c5fba1d.png,Scentless Mayweed
edfdb4aeb.png,Common Chickweed
fa9f3a8f9.png,Charlock
fef2ade8c.png,Sugar beet
d689256be.png,Cleavers
31f3dd81f.png,Loose Silky-bent
f4ad9d950.png,Sugar beet
cd5f0db1c.png,Small-flowered Cranesbill
521b27a17.png,Loose Silky-bent
6ba4ef411.png,Fat Hen
25fa8d109.png,Common wheat
bb7621cb3.png,Fat Hen
1c52ea820.png,Sugar beet
af45e222a.png,Scentless Mayweed
8e3ed0a25.png,Small-flowered Cranesbill
03e322a29.png,Small-flowered Cranesbill
adb7a032c.png,Loose Silky-bent
48d97c645.png,Common Chickweed
b5c7fd009.png,Fat Hen
b687160f5.png,Common Chickweed
2a667e099.png,Sugar beet
5bbc0a255.png,Loose Silky-bent
caa2fbd79.png,Common Chickweed
007b3da8b.png,Fat Hen
995c7ab1e.png,Cleavers
a85b48a95.png,Scentless Mayweed
e9cd91682.png,Common Chickweed
d350a25fa.png,Black-grass
b130a0632.png,Cleavers
5e6a237f2.png,Sugar beet
4823c3ffa.png,Black-grass
4c8005bbc.png,Black-grass
a55d26a4c.png,Common Chickweed
e1a0e3202.png,Loose Silky-bent
1d48b7564.png,Small-flowered Cranesbill
eec1079a1.png,Sugar beet
7a38416be.png,Charlock
06d12f6fa.png,Shepherds Purse
502dff972.png,Small-flowered Cranesbill
d93c7ab6d.png,Loose Silky-bent
862b8e7a0.png,Sugar beet
5883b423d.png,Small-flowered Cranesbill
1f5e5554e.png,Small-flowered Cranesbill
c0f5d9ac8.png,Small-flowered Cranesbill
4bbfd1e05.png,Cleavers
e19673dc9.png,Charlock
8104422bb.png,Loose Silky-bent
592cc5b89.png,Loose Silky-bent
e901b0f28.png,Fat Hen
9d79a1f0c.png,Small-flowered Cranesbill
d84d37a61.png,Common Chickweed
da9ef7858.png,Charlock
835dc5447.png,Small-flowered Cranesbill
34dd57ca9.png,Loose Silky-bent
a83820a2c.png,Sugar beet
c10db7ae2.png,Small-flowered Cranesbill
79e5ea8fa.png,Black-grass
bd72d4d8a.png,Shepherds Purse
8170d33c1.png,Maize
b4c3df835.png,Shepherds Purse
429211ee6.png,Fat Hen
089ad62a7.png,Common Chickweed
391dcd7fd.png,Black-grass
f4234cf4f.png,Sugar beet
e96e57a90.png,Shepherds Purse
8faadb6a8.png,Sugar beet
16fd2e01a.png,Scentless Mayweed
b62dca166.png,Fat Hen
e84464f5a.png,Cleavers
fc3e58836.png,Charlock
24d36c52c.png,Sugar beet
ef74dbcad.png,Scentless Mayweed
632156793.png,Cleavers
37714071b.png,Small-flowered Cranesbill
f351ce097.png,Loose Silky-bent
d2f422ccb.png,Small-flowered Cranesbill
0625f063b.png,Loose Silky-bent
60ee66ddd.png,Common wheat
e15472085.png,Common Chickweed
1376f3b63.png,Black-grass
d668409ff.png,Loose Silky-bent
fa5fd1384.png,Shepherds Purse
7b21ba6ba.png,Sugar beet
a276c65f7.png,Loose Silky-bent
3dd52bd2a.png,Shepherds Purse
5b3beec58.png,Loose Silky-bent
0bf7bfb05.png,Loose Silky-bent
25a4c427e.png,Loose Silky-bent
1364b297a.png,Charlock
1b490196c.png,Small-flowered Cranesbill
7506c0c02.png,Shepherds Purse
c2de6020a.png,Small-flowered Cranesbill
aee6fa3df.png,Loose Silky-bent
4ea7493d5.png,Scentless Mayweed
592473c83.png,Loose Silky-bent
e4a76885b.png,Small-flowered Cranesbill
5296835a0.png,Small-flowered Cranesbill
177d7e2a4.png,Loose Silky-bent
56112b92c.png,Small-flowered Cranesbill
96f14d90c.png,Sugar beet
04814f36d.png,Scentless Mayweed
1312065a5.png,Small-flowered Cranesbill
1f290e016.png,Shepherds Purse
00ef713a8.png,Common Chickweed
f9b6bfb00.png,Cleavers
7d4cd07ad.png,Small-flowered Cranesbill
c7b07431e.png,Scentless Mayweed
65d08b894.png,Sugar beet
c6b76307d.png,Cleavers
0dba99002.png,Sugar beet
77ccb8b2a.png,Small-flowered Cranesbill
a8de7c1b7.png,Loose Silky-bent
